ClientID,FullName,Email,Phone,PreferredCity,PropertyType,BudgetRange,PropertySize,AssignedAgent,LeadSource,Status,LeadDate,LastContact,NextFollowup,TotalInteractions,PropertyVisits,DocumentsShared,DealValue,Commission,SatisfactionScore,ClientTags
CL1001,Rahul Patel,rahul.patel@email.com,+91-7081946048,Kolkata,Studio,30-50L,4500,Sunita Desai,YouTube,Churned,2024-10-06,2024-10-12,,19,1,0,0,0.0,,Investor
CL1002,Karan Verma,karan.verma@email.com,+91-8655988907,Mumbai,Studio,3Cr+,2000,Nisha Patel,Google Ads,Sold,2024-05-22,2024-05-23,,4,4,5,41294238,657712.2593005055,10.0,"First-time buyer, Ready to move, Urgent"
CL1003,Neha Shah,neha.shah@email.com,+91-7258282357,Jaipur,Commercial,50-75L,4500,Sunita Desai,Website,Churned,2024-04-26,2024-05-15,,3,0,1,0,0.0,,"Urgent, Ready to move, Cash buyer, Upgrader"
CL1004,Sanya Mehta,sanya.mehta@email.com,+91-8164137460,Surat,Villa,30-50L,3000,Nisha Patel,Social Media,Active,2024-07-13,2024-07-31,2024-08-02,18,3,10,0,0.0,8.0,"First-time buyer, Cash buyer"
CL1005,Aditya Malhotra,aditya.malhotra@email.com,+91-7216837653,Lucknow,Studio,2-3Cr,2000,Kavitha Reddy,Social Media,Hot Lead,2024-03-12,2024-03-28,2024-04-16,18,3,11,0,0.0,,"Loan required, Cash buyer, Investor, Under construction OK"
CL1006,Siddharth Tiwari,siddharth.tiwari@email.com,+91-7297816175,Chennai,Penthouse,30-50L,5000,Amit Singh,WhatsApp,Lead,2024-07-16,2024-08-10,2024-08-19,20,1,8,0,0.0,,Investor
CL1007,Sneha Mishra,sneha.mishra@email.com,+91-9460444973,Lucknow,Villa,75L-1Cr,2000,Ankit Sharma,Google Ads,Lead,2024-05-14,2024-06-16,2024-07-07,6,2,1,0,0.0,,"Under construction OK, Relocating, Investor"
CL1008,Deepika Kulkarni,deepika.kulkarni@email.com,+91-7529380697,Mumbai,Commercial,2-3Cr,500,Sunita Desai,Cold Call,On Hold,2024-06-06,2024-06-22,2024-06-25,2,0,9,0,0.0,,Ready to move
CL1009,Manish Singh,manish.singh@email.com,+91-9492379822,Hyderabad,Penthouse,2-3Cr,3000,Ankit Sharma,Walk-in,Sold,2024-11-06,2024-12-04,,8,2,5,27350099,443346.2523641245,6.0,"Relocating, First-time buyer"
CL1010,Raj Desai,raj.desai@email.com,+91-9067917716,Kolkata,Villa,10-20L,1750,Sunita Desai,Facebook,Prospect,2024-05-22,2024-07-04,2024-07-09,16,2,8,0,0.0,,"Relocating, Ready to move, Loan required, Under construction OK"
CL1011,Karan Patel,karan.patel@email.com,+91-7317696374,Indore,Commercial,1.5-2Cr,2000,Kavitha Reddy,Broker,Lead,2024-12-10,2025-01-21,2025-02-01,4,0,6,0,0.0,,Relocating
CL1012,Karan Agarwal,karan.agarwal@email.com,+91-8757368800,Hyderabad,Plot,30-50L,1500,Kavitha Reddy,Print Ad,On Hold,2024-02-08,2024-03-08,2024-03-29,18,0,0,0,0.0,,Investor
CL1013,Akash Bhatt,akash.bhatt@email.com,+91-7774531798,Indore,Farmhouse,2-3Cr,1250,Amit Singh,Website,Prospect,2024-07-13,2024-07-14,2024-07-29,13,3,12,0,0.0,,"Loan required, Ready to move, Investor"
CL1014,Karan Chopra,karan.chopra@email.com,+91-7713317665,Delhi,Commercial,10-20L,500,Shreya Jain,Google Ads,Sold,2024-09-28,2024-10-09,,19,3,9,1059642,25872.178034492867,10.0,Investor
CL1015,Shruti Rao,shruti.rao@email.com,+91-8912584085,Lucknow,Duplex,50-75L,4000,Priya Gupta,Print Ad,Hot Lead,2024-07-21,2024-07-30,2024-08-02,10,4,5,0,0.0,,Ready to move
CL1016,Divya Reddy,divya.reddy@email.com,+91-7327619602,Ahmedabad,Duplex,30-50L,1750,Sunita Desai,Print Ad,Hot Lead,2024-05-25,2024-06-05,2024-06-26,15,3,9,0,0.0,,Under construction OK
CL1017,Kavya Rao,kavya.rao@email.com,+91-7339427601,Surat,Villa,20-30L,4500,Deepak Kumar,Social Media,Hot Lead,2024-05-24,2024-07-02,2024-07-23,7,3,3,0,0.0,,"Under construction OK, Ready to move, Upgrader"
CL1018,Kritika Gupta,kritika.gupta@email.com,+91-7302493136,Indore,Duplex,10-20L,500,Priya Gupta,Social Media,Churned,2024-05-14,2024-05-25,,15,2,11,0,0.0,,"Under construction OK, First-time buyer, Ready to move, Loan required"
CL1019,Varun Kumar,varun.kumar@email.com,+91-8787714722,Kanpur,Penthouse,1.5-2Cr,1000,Ravi Menon,Walk-in,Hot Lead,2024-01-21,2024-02-13,2024-02-17,7,2,10,0,0.0,,"Under construction OK, Loan required, Urgent"
CL1020,Isha Kumar,isha.kumar@email.com,+91-7775731299,Pune,Plot,10-20L,1000,Priya Gupta,Event,On Hold,2024-12-08,2024-12-24,2024-12-28,9,0,12,0,0.0,,"First-time buyer, Ready to move, Investor, Loan required"
CL1021,Manish Sinha,manish.sinha@email.com,+91-8145750001,Kolkata,Studio,10-20L,4000,Nisha Patel,Event,Hot Lead,2024-05-22,2024-05-27,2024-06-13,9,3,10,0,0.0,,"Under construction OK, Cash buyer, First-time buyer, Loan required"
CL1022,Arjun Jain,arjun.jain@email.com,+91-8902444795,Delhi,Villa,1.5-2Cr,1750,Priya Gupta,Event,Sold,2024-09-18,2024-09-26,,7,4,6,18657915,430346.83753440616,6.0,"Cash buyer, Investor, Under construction OK"
CL1023,Kavya Pandey,kavya.pandey@email.com,+91-8013497410,Indore,Commercial,1.5-2Cr,4500,Rahul Joshi,Facebook,Prospect,2024-04-08,2024-05-05,2024-05-24,13,2,9,0,0.0,,"Loan required, First-time buyer, Upgrader"
CL1024,Kavya Agarwal,kavya.agarwal@email.com,+91-8408686019,Lucknow,Farmhouse,2-3Cr,2500,Nisha Patel,Facebook,Active,2024-03-27,2024-05-09,2024-05-20,3,4,8,0,0.0,10.0,Relocating
CL1025,Sneha Chopra,sneha.chopra@email.com,+91-7736136100,Hyderabad,Apartment,10-20L,1250,Kavitha Reddy,WhatsApp,On Hold,2024-02-07,2024-03-08,2024-03-15,14,2,9,0,0.0,,"Ready to move, Loan required, Investor, Under construction OK"
CL1026,Rahul Desai,rahul.desai@email.com,+91-7018123970,Indore,Studio,30-50L,5000,Deepak Kumar,Google Ads,Lead,2024-10-12,2024-10-28,2024-11-12,4,1,2,0,0.0,,"Ready to move, Loan required, Under construction OK"
CL1027,Rashmi Sinha,rashmi.sinha@email.com,+91-9939930861,Bhopal,Farmhouse,75L-1Cr,5000,Nisha Patel,YouTube,Hot Lead,2024-09-23,2024-10-25,2024-10-28,8,3,7,0,0.0,,"Relocating, Urgent, Upgrader"
CL1028,Rohit Mishra,rohit.mishra@email.com,+91-7264028136,Hyderabad,Studio,1.5-2Cr,4500,Ankit Sharma,Broker,Prospect,2024-02-02,2024-02-29,2024-03-15,14,3,8,0,0.0,,"First-time buyer, Relocating, Loan required, Ready to move"
CL1029,Aditya Kulkarni,aditya.kulkarni@email.com,+91-8913912560,Nagpur,Farmhouse,10-20L,1750,Rahul Joshi,Event,On Hold,2024-08-02,2024-09-06,2024-09-22,18,2,3,0,0.0,,"Urgent, Loan required"
CL1030,Pooja Sharma,pooja.sharma@email.com,+91-8274254057,Nagpur,Penthouse,2-3Cr,1000,Shreya Jain,Facebook,Lead,2024-07-20,2024-08-27,2024-08-30,19,2,0,0,0.0,,"Upgrader, Ready to move, Investor, First-time buyer"
CL1031,Arjun Shah,arjun.shah@email.com,+91-8072637742,Thane,Commercial,1-1.5Cr,5000,Amit Singh,Walk-in,On Hold,2024-08-03,2024-08-20,2024-09-07,3,1,0,0,0.0,,Cash buyer
CL1032,Meera Iyer,meera.iyer@email.com,+91-7224895426,Delhi,Apartment,50-75L,1250,Ravi Menon,WhatsApp,Prospect,2024-05-02,2024-05-11,2024-05-18,16,1,9,0,0.0,,"Urgent, Cash buyer, Investor, Under construction OK"
CL1033,Divya Joshi,divya.joshi@email.com,+91-9353925012,Pune,Duplex,20-30L,3500,Ravi Menon,Walk-in,Sold,2024-12-12,2025-01-06,,4,8,9,2987203,65248.25154575753,6.0,"Under construction OK, Loan required, Cash buyer"
CL1034,Deepika Singh,deepika.singh@email.com,+91-8657994874,Lucknow,Apartment,1.5-2Cr,2500,Sunita Desai,Event,Hot Lead,2024-11-21,2024-12-21,2025-01-07,5,4,2,0,0.0,,"Under construction OK, Ready to move, Relocating"
CL1035,Shruti Patil,shruti.patil@email.com,+91-9395487656,Surat,Commercial,50-75L,750,Rahul Joshi,Google Ads,Prospect,2024-08-25,2024-10-01,2024-10-02,20,4,5,0,0.0,,"Cash buyer, Upgrader, Relocating, Investor"
CL1036,Deepika More,deepika.more@email.com,+91-7846554608,Surat,Duplex,3Cr+,500,Deepak Kumar,Print Ad,Lead,2024-05-03,2024-05-30,2024-06-07,16,2,12,0,0.0,,"Ready to move, Under construction OK, Loan required, First-time buyer"
CL1037,Raj Chopra,raj.chopra@email.com,+91-7726163005,Kolkata,Duplex,1-1.5Cr,2500,Deepak Kumar,Facebook,Hot Lead,2024-08-05,2024-09-10,2024-09-25,11,3,11,0,0.0,,"Urgent, Under construction OK, Investor"
CL1038,Neha Joshi,neha.joshi@email.com,+91-7631051359,Chennai,Penthouse,50-75L,1250,Kavitha Reddy,Walk-in,Churned,2024-10-28,2024-12-01,,20,1,1,0,0.0,,"Urgent, Relocating"
CL1039,Deepika Jain,deepika.jain@email.com,+91-7990411854,Hyderabad,Duplex,10-20L,500,Deepak Kumar,Walk-in,Churned,2024-03-05,2024-04-15,,16,0,0,0,0.0,,"Ready to move, Under construction OK, Relocating"
CL1040,Rohit Jain,rohit.jain@email.com,+91-7168343092,Bhopal,Villa,20-30L,2000,Kavitha Reddy,Referral,Sold,2024-11-18,2025-01-01,,20,8,9,2159097,41372.05581104976,7.0,"Ready to move, Under construction OK, Upgrader, Urgent"
CL1041,Shruti Chopra,shruti.chopra@email.com,+91-8863291399,Delhi,Villa,50-75L,4000,Nisha Patel,Walk-in,Churned,2024-02-11,2024-02-22,,8,0,8,0,0.0,,Upgrader
CL1042,Amit Bansal,amit.bansal@email.com,+91-8476287832,Bhopal,Duplex,10-20L,1250,Rahul Joshi,Broker,Hot Lead,2024-12-25,2025-01-24,2025-02-14,3,2,4,0,0.0,,"Loan required, Investor"
CL1043,Rashmi Verma,rashmi.verma@email.com,+91-9122129528,Surat,Penthouse,20-30L,500,Ankit Sharma,Walk-in,Sold,2024-10-18,2024-11-06,,2,5,11,2130394,33669.638386351595,8.0,"First-time buyer, Investor, Ready to move"
CL1044,Sneha Patil,sneha.patil@email.com,+91-9819785392,Mumbai,Duplex,10-20L,5000,Ankit Sharma,Google Ads,Sold,2024-11-29,2024-12-28,,4,8,2,1960571,35943.31270676363,8.0,"Ready to move, Urgent, Cash buyer, Relocating"
CL1045,Manish Kulkarni,manish.kulkarni@email.com,+91-8802514809,Thane,Villa,1-1.5Cr,1500,Priya Gupta,Referral,On Hold,2024-07-25,2024-08-27,2024-09-11,1,2,8,0,0.0,,"First-time buyer, Relocating, Urgent, Upgrader"
CL1046,Divya Kulkarni,divya.kulkarni@email.com,+91-8633491973,Thane,Apartment,50-75L,1500,Deepak Kumar,Social Media,Hot Lead,2024-08-12,2024-09-26,2024-10-17,16,1,0,0,0.0,,"Upgrader, Urgent"
CL1047,Rashmi Sharma,rashmi.sharma@email.com,+91-8809663476,Bangalore,Studio,20-30L,2500,Sunita Desai,YouTube,On Hold,2024-03-19,2024-04-20,2024-04-29,10,2,11,0,0.0,,"Ready to move, Under construction OK, Investor, Relocating"
CL1048,Rashmi Kumar,rashmi.kumar@email.com,+91-8256934983,Hyderabad,Villa,75L-1Cr,5000,Amit Singh,Cold Call,On Hold,2024-09-16,2024-10-04,2024-10-14,1,1,11,0,0.0,,"Upgrader, Ready to move, Urgent, Relocating"
CL1049,Deepika Kapoor,deepika.kapoor@email.com,+91-8808581228,Nagpur,Farmhouse,1-1.5Cr,1250,Nisha Patel,WhatsApp,Active,2024-04-29,2024-05-26,2024-06-08,2,4,11,0,0.0,9.0,"Upgrader, Ready to move, First-time buyer, Investor"
CL1050,Siddharth Reddy,siddharth.reddy@email.com,+91-8087823154,Thane,Villa,3Cr+,2500,Ravi Menon,Broker,Prospect,2024-07-28,2024-09-08,2024-09-17,5,1,7,0,0.0,,"Loan required, Investor, Under construction OK"
CL1051,Rohit Bhatt,rohit.bhatt@email.com,+91-9209779942,Nagpur,Commercial,2-3Cr,3000,Ravi Menon,WhatsApp,Lead,2024-04-30,2024-06-10,2024-06-13,10,0,11,0,0.0,,"Investor, Under construction OK, Relocating, Ready to move"
CL1052,Varun Chopra,varun.chopra@email.com,+91-9960313794,Delhi,Commercial,10-20L,1500,Priya Gupta,Cold Call,Active,2024-03-15,2024-03-31,2024-04-06,17,5,9,0,0.0,7.0,"Investor, Loan required"
CL1053,Divya Rao,divya.rao@email.com,+91-7789175230,Hyderabad,Studio,2-3Cr,4000,Rahul Joshi,Google Ads,Hot Lead,2024-12-07,2024-12-08,2024-12-26,15,3,10,0,0.0,,"Investor, Ready to move"
CL1054,Deepika Reddy,deepika.reddy@email.com,+91-7980293746,Indore,Duplex,2-3Cr,1500,Nisha Patel,Event,On Hold,2024-09-04,2024-09-11,2024-09-23,8,1,9,0,0.0,,"Urgent, First-time buyer, Loan required"
CL1055,Sneha Shah,sneha.shah@email.com,+91-7899411061,Delhi,Farmhouse,75L-1Cr,5000,Nisha Patel,WhatsApp,On Hold,2024-06-29,2024-07-14,2024-07-19,7,2,4,0,0.0,,First-time buyer
CL1056,Kavya More,kavya.more@email.com,+91-8444414373,Kanpur,Penthouse,20-30L,1500,Priya Gupta,Broker,Active,2024-03-30,2024-04-12,2024-04-29,5,8,8,0,0.0,8.0,"Upgrader, Urgent, Loan required"
CL1057,Pooja More,pooja.more@email.com,+91-7967154396,Chennai,Farmhouse,20-30L,1000,Nisha Patel,YouTube,Churned,2024-12-11,2025-01-06,,18,1,1,0,0.0,,"First-time buyer, Urgent, Ready to move, Under construction OK"
CL1058,Nikhil Mehta,nikhil.mehta@email.com,+91-9204798125,Surat,Plot,1-1.5Cr,750,Nisha Patel,Google Ads,Lead,2024-11-13,2024-12-19,2025-01-09,11,2,3,0,0.0,,Ready to move
CL1059,Varun Chopra,varun.chopra@email.com,+91-9127463516,Chennai,Penthouse,10-20L,500,Rahul Joshi,Google Ads,Lead,2024-02-19,2024-03-06,2024-03-21,18,0,6,0,0.0,,"Under construction OK, Loan required, Urgent"
CL1060,Isha Joshi,isha.joshi@email.com,+91-7506364379,Chennai,Farmhouse,1.5-2Cr,1500,Ravi Menon,Broker,Hot Lead,2024-04-21,2024-05-20,2024-05-24,15,2,5,0,0.0,,"Under construction OK, Cash buyer, First-time buyer"
CL1061,Aditya Malhotra,aditya.malhotra@email.com,+91-7621926011,Thane,Villa,50-75L,4000,Shreya Jain,Website,Lead,2024-06-19,2024-07-05,2024-07-08,5,2,3,0,0.0,,"Relocating, Under construction OK"
CL1062,Rohit Kulkarni,rohit.kulkarni@email.com,+91-7483588116,Mumbai,Duplex,30-50L,1000,Deepak Kumar,Walk-in,On Hold,2024-03-30,2024-04-07,2024-04-19,1,0,0,0,0.0,,"Cash buyer, First-time buyer"
CL1063,Sanya Malhotra,sanya.malhotra@email.com,+91-7171726614,Indore,Villa,20-30L,2500,Kavitha Reddy,Cold Call,Sold,2024-10-30,2024-11-06,,14,7,1,2528313,59347.05421570801,9.0,"Investor, Under construction OK, Upgrader, Urgent"
CL1064,Vikram Singh,vikram.singh@email.com,+91-7413546046,Lucknow,Plot,3Cr+,1500,Kavitha Reddy,Facebook,Sold,2024-08-08,2024-08-15,,13,5,11,43885279,1021394.4202943597,6.0,"Loan required, Cash buyer, Ready to move"
CL1065,Arjun Mehta,arjun.mehta@email.com,+91-7500172163,Bangalore,Villa,20-30L,750,Amit Singh,Referral,Churned,2024-07-09,2024-07-18,,18,0,9,0,0.0,,"Investor, Loan required, Upgrader"
CL1066,Kritika Rao,kritika.rao@email.com,+91-9458565435,Delhi,Duplex,75L-1Cr,1750,Sunita Desai,WhatsApp,Sold,2024-04-18,2024-04-28,,14,8,8,8968484,154810.3021893379,10.0,Urgent
CL1067,Amit Jain,amit.jain@email.com,+91-7895450499,Lucknow,Commercial,10-20L,1000,Ankit Sharma,WhatsApp,Churned,2024-07-24,2024-07-29,,5,2,10,0,0.0,,Investor
CL1068,Isha Pandey,isha.pandey@email.com,+91-7704959308,Indore,Farmhouse,1-1.5Cr,1000,Priya Gupta,Walk-in,Churned,2024-06-15,2024-07-22,,20,0,0,0,0.0,,"Upgrader, First-time buyer"
CL1069,Sneha Singh,sneha.singh@email.com,+91-7891668079,Indore,Farmhouse,2-3Cr,2000,Rahul Joshi,Print Ad,On Hold,2024-09-19,2024-09-27,2024-10-07,12,1,1,0,0.0,,"Under construction OK, Urgent, First-time buyer, Investor"
CL1070,Aditya Nair,aditya.nair@email.com,+91-7179511007,Ahmedabad,Duplex,50-75L,5000,Ankit Sharma,Walk-in,Hot Lead,2024-06-16,2024-06-24,2024-07-08,1,4,11,0,0.0,,"Upgrader, Loan required"
CL1071,Rashmi Desai,rashmi.desai@email.com,+91-7754075570,Kanpur,Villa,1.5-2Cr,4500,Ravi Menon,Event,Lead,2024-08-23,2024-08-28,2024-09-16,11,2,6,0,0.0,,"Loan required, Urgent, First-time buyer, Relocating"
CL1072,Amit Kapoor,amit.kapoor@email.com,+91-7563191018,Thane,Commercial,20-30L,2000,Sunita Desai,Print Ad,Active,2024-10-28,2024-11-23,2024-12-04,17,2,6,0,0.0,8.0,"Cash buyer, Upgrader"
CL1073,Raj Pandey,raj.pandey@email.com,+91-9074924945,Ahmedabad,Commercial,1-1.5Cr,4500,Ankit Sharma,Print Ad,Lead,2024-03-15,2024-04-01,2024-04-06,7,0,9,0,0.0,,Upgrader
CL1074,Akash Iyer,akash.iyer@email.com,+91-8619170811,Thane,Commercial,1-1.5Cr,1000,Kavitha Reddy,Referral,Active,2024-08-14,2024-09-24,2024-09-26,10,8,4,0,0.0,10.0,"Under construction OK, Investor, Upgrader"
CL1075,Nikhil Sinha,nikhil.sinha@email.com,+91-7123217456,Kanpur,Duplex,20-30L,4000,Sunita Desai,WhatsApp,Sold,2024-09-16,2024-10-11,,2,5,1,2608519,43063.0248492103,8.0,Under construction OK
CL1076,Rahul Jain,rahul.jain@email.com,+91-7128242472,Thane,Farmhouse,3Cr+,3000,Shreya Jain,Social Media,Hot Lead,2024-07-09,2024-07-28,2024-08-08,13,4,12,0,0.0,,Cash buyer
CL1077,Raj Kapoor,raj.kapoor@email.com,+91-7309683133,Nagpur,Duplex,75L-1Cr,4500,Shreya Jain,Social Media,Hot Lead,2024-02-11,2024-03-20,2024-04-10,5,3,4,0,0.0,,"Upgrader, Investor, Under construction OK, Urgent"
CL1078,Aditya Iyer,aditya.iyer@email.com,+91-9594153054,Hyderabad,Villa,1.5-2Cr,3000,Priya Gupta,Website,Hot Lead,2024-06-07,2024-06-19,2024-07-05,7,3,12,0,0.0,,"Relocating, Upgrader"
CL1079,Vikram Singh,vikram.singh@email.com,+91-7969223256,Delhi,Commercial,30-50L,3500,Amit Singh,Social Media,Prospect,2024-04-02,2024-05-17,2024-06-01,20,2,11,0,0.0,,Loan required
CL1080,Deepika Rao,deepika.rao@email.com,+91-9357941133,Thane,Duplex,2-3Cr,1250,Deepak Kumar,Print Ad,Hot Lead,2024-08-28,2024-09-10,2024-09-20,12,4,7,0,0.0,,"Under construction OK, Loan required, Investor, Ready to move"
CL1081,Riya Nair,riya.nair@email.com,+91-7453542768,Delhi,Farmhouse,1-1.5Cr,3000,Sunita Desai,Broker,On Hold,2024-09-21,2024-09-29,2024-10-05,10,0,12,0,0.0,,"Ready to move, Upgrader, Loan required"
CL1082,Shruti Singh,shruti.singh@email.com,+91-9983539102,Thane,Commercial,10-20L,2000,Ravi Menon,Event,Sold,2024-07-10,2024-07-26,,16,7,2,1404924,21611.990724769214,9.0,"First-time buyer, Investor, Under construction OK, Upgrader"
CL1083,Karan Patil,karan.patil@email.com,+91-7489981932,Indore,Villa,75L-1Cr,1250,Rahul Joshi,Referral,Lead,2024-05-02,2024-05-29,2024-06-02,20,1,1,0,0.0,,"Under construction OK, First-time buyer, Cash buyer, Urgent"
CL1084,Ankit Verma,ankit.verma@email.com,+91-9354528818,Jaipur,Plot,10-20L,3500,Priya Gupta,Print Ad,Sold,2024-08-01,2024-08-13,,18,2,6,1696643,42218.10196716848,9.0,Loan required
CL1085,Deepika Malhotra,deepika.malhotra@email.com,+91-9448812128,Kanpur,Villa,1-1.5Cr,1250,Sunita Desai,WhatsApp,Churned,2024-06-19,2024-06-28,,2,1,8,0,0.0,,"Upgrader, Ready to move, Cash buyer"
CL1086,Pooja Iyer,pooja.iyer@email.com,+91-7597227675,Bangalore,Farmhouse,10-20L,1500,Nisha Patel,Website,On Hold,2024-04-12,2024-04-15,2024-04-28,11,1,8,0,0.0,,"Urgent, First-time buyer, Loan required, Cash buyer"
CL1087,Karan Chopra,karan.chopra@email.com,+91-8169716265,Lucknow,Duplex,20-30L,5000,Priya Gupta,Event,Active,2024-08-13,2024-09-07,2024-09-19,11,3,7,0,0.0,9.0,"Investor, Loan required, First-time buyer"
CL1088,Shruti Nair,shruti.nair@email.com,+91-9694633652,Jaipur,Commercial,20-30L,750,Priya Gupta,YouTube,Hot Lead,2024-06-05,2024-07-04,2024-07-19,20,4,2,0,0.0,,"Ready to move, First-time buyer, Cash buyer"
CL1089,Kritika Mehta,kritika.mehta@email.com,+91-9014767008,Surat,Apartment,20-30L,4000,Amit Singh,Cold Call,Sold,2024-12-13,2024-12-24,,19,2,9,2032653,38271.89648155899,7.0,"Cash buyer, Under construction OK, Relocating, First-time buyer"
CL1090,Ankit Kumar,ankit.kumar@email.com,+91-8734958096,Nagpur,Commercial,75L-1Cr,1250,Sunita Desai,Website,Churned,2024-04-05,2024-05-07,,17,1,8,0,0.0,,Urgent
CL1091,Akash Malhotra,akash.malhotra@email.com,+91-9306968493,Ahmedabad,Duplex,2-3Cr,1250,Sunita Desai,Social Media,On Hold,2024-02-07,2024-03-07,2024-03-10,6,2,7,0,0.0,,"Cash buyer, Investor, Urgent"
CL1092,Rashmi Chopra,rashmi.chopra@email.com,+91-9920749315,Pune,Penthouse,1-1.5Cr,3000,Nisha Patel,Referral,Prospect,2024-03-12,2024-03-28,2024-04-15,16,1,5,0,0.0,,"Ready to move, Upgrader, Urgent"
CL1093,Raj Singh,raj.singh@email.com,+91-8013462187,Bhopal,Plot,1.5-2Cr,3500,Sunita Desai,Social Media,Hot Lead,2024-11-24,2024-11-29,2024-12-16,15,4,10,0,0.0,,"Upgrader, Under construction OK, Loan required"
CL1094,Vikram Bansal,vikram.bansal@email.com,+91-8647717263,Chennai,Penthouse,75L-1Cr,1000,Ankit Sharma,Cold Call,Churned,2024-04-25,2024-05-18,,17,1,1,0,0.0,,"Relocating, Urgent, Investor"
CL1095,Rahul Chopra,rahul.chopra@email.com,+91-9013379924,Bangalore,Penthouse,30-50L,1000,Shreya Jain,Broker,Sold,2024-06-21,2024-07-28,,20,7,0,4811480,99700.46706825189,9.0,"Urgent, Ready to move, Investor"
CL1096,Riya More,riya.more@email.com,+91-9244563227,Jaipur,Farmhouse,20-30L,4500,Ravi Menon,Social Media,Active,2024-07-31,2024-08-31,2024-09-05,15,3,5,0,0.0,10.0,"Cash buyer, Under construction OK, Relocating"
CL1097,Vikram Kulkarni,vikram.kulkarni@email.com,+91-8214177499,Chennai,Commercial,50-75L,2500,Sunita Desai,Walk-in,Active,2024-05-06,2024-05-16,2024-06-05,4,2,4,0,0.0,9.0,"Relocating, Upgrader, Loan required, Ready to move"
CL1098,Ankit Joshi,ankit.joshi@email.com,+91-8024734881,Pune,Farmhouse,3Cr+,2500,Kavitha Reddy,Walk-in,Active,2024-01-12,2024-01-18,2024-01-25,13,6,7,0,0.0,7.0,"First-time buyer, Under construction OK, Upgrader"
CL1099,Pooja Nair,pooja.nair@email.com,+91-9891295755,Bhopal,Duplex,3Cr+,500,Sunita Desai,Event,Prospect,2024-05-15,2024-06-08,2024-06-21,13,3,0,0,0.0,,Under construction OK
CL1100,Karan Mehta,karan.mehta@email.com,+91-8812847827,Bangalore,Plot,3Cr+,2500,Deepak Kumar,Walk-in,On Hold,2024-11-15,2024-12-29,2025-01-02,20,0,2,0,0.0,,"Cash buyer, Under construction OK, Urgent, Upgrader"
CL1101,Akash Kumar,akash.kumar@email.com,+91-7652288966,Nagpur,Apartment,10-20L,500,Ankit Sharma,Broker,Hot Lead,2024-08-30,2024-10-03,2024-10-20,15,2,9,0,0.0,,"Cash buyer, Under construction OK"
CL1102,Sanya Shah,sanya.shah@email.com,+91-9020149221,Lucknow,Farmhouse,75L-1Cr,2500,Ravi Menon,Cold Call,Hot Lead,2024-12-10,2024-12-18,2025-01-08,14,3,12,0,0.0,,Ready to move
CL1103,Arjun Iyer,arjun.iyer@email.com,+91-9565485821,Kolkata,Apartment,2-3Cr,1000,Deepak Kumar,YouTube,Churned,2024-11-13,2024-12-08,,5,2,3,0,0.0,,Investor
CL1104,Karan Sharma,karan.sharma@email.com,+91-8445151116,Indore,Penthouse,1.5-2Cr,4500,Nisha Patel,Event,Sold,2024-11-09,2024-12-10,,13,4,2,16739308,331165.61228448065,9.0,"Under construction OK, Cash buyer, Ready to move"
CL1105,Akash Bhatt,akash.bhatt@email.com,+91-9362399226,Surat,Farmhouse,50-75L,1250,Rahul Joshi,Facebook,Hot Lead,2024-04-25,2024-05-15,2024-05-31,10,2,11,0,0.0,,"Ready to move, Cash buyer, Urgent"
CL1106,Riya Joshi,riya.joshi@email.com,+91-7896047721,Chennai,Plot,1.5-2Cr,1750,Ankit Sharma,Walk-in,Lead,2024-05-27,2024-06-02,2024-06-11,12,1,10,0,0.0,,"Relocating, Under construction OK, Loan required, Urgent"
CL1107,Arjun Mishra,arjun.mishra@email.com,+91-9281245601,Hyderabad,Villa,50-75L,1250,Ravi Menon,YouTube,Sold,2024-04-25,2024-06-05,,6,5,10,6733511,166850.39035145924,9.0,"Relocating, Urgent, Upgrader, Loan required"
CL1108,Rahul Gupta,rahul.gupta@email.com,+91-9975121725,Kolkata,Apartment,30-50L,2000,Ankit Sharma,Website,On Hold,2024-07-22,2024-08-23,2024-08-25,6,2,4,0,0.0,,Urgent
CL1109,Ankit Nair,ankit.nair@email.com,+91-7351653914,Jaipur,Farmhouse,3Cr+,3000,Kavitha Reddy,Social Media,On Hold,2024-09-15,2024-10-15,2024-10-19,9,0,12,0,0.0,,"Upgrader, Ready to move, Cash buyer"
CL1110,Arjun Desai,arjun.desai@email.com,+91-7610111846,Lucknow,Duplex,50-75L,1000,Shreya Jain,YouTube,Active,2024-08-06,2024-09-08,2024-09-14,11,2,6,0,0.0,6.0,"Ready to move, Cash buyer"
CL1111,Meera Sharma,meera.sharma@email.com,+91-7854560275,Kolkata,Farmhouse,75L-1Cr,1750,Rahul Joshi,WhatsApp,Churned,2024-10-20,2024-10-21,,9,2,5,0,0.0,,"First-time buyer, Investor"
CL1112,Nikhil Chopra,nikhil.chopra@email.com,+91-7523363138,Jaipur,Villa,75L-1Cr,1750,Shreya Jain,Print Ad,Prospect,2024-03-09,2024-04-09,2024-04-29,5,4,11,0,0.0,,"Loan required, Ready to move, Under construction OK"
CL1113,Rashmi More,rashmi.more@email.com,+91-9176138627,Kolkata,Villa,3Cr+,2500,Deepak Kumar,Broker,Hot Lead,2024-02-09,2024-03-17,2024-04-03,4,1,8,0,0.0,,"Under construction OK, Upgrader"
CL1114,Sanya Kapoor,sanya.kapoor@email.com,+91-9799978202,Thane,Villa,50-75L,4500,Shreya Jain,Google Ads,Lead,2024-09-18,2024-10-17,2024-11-03,2,1,2,0,0.0,,"Ready to move, First-time buyer, Urgent, Relocating"
CL1115,Sneha More,sneha.more@email.com,+91-8009812853,Nagpur,Duplex,10-20L,4500,Nisha Patel,WhatsApp,Lead,2024-01-24,2024-02-21,2024-03-10,12,2,1,0,0.0,,Investor
CL1116,Pooja Gupta,pooja.gupta@email.com,+91-7940763591,Pune,Penthouse,1.5-2Cr,1750,Amit Singh,Google Ads,On Hold,2024-07-12,2024-08-06,2024-08-24,3,2,10,0,0.0,,"Cash buyer, Investor"
CL1117,Sanya Mishra,sanya.mishra@email.com,+91-8287979316,Hyderabad,Studio,10-20L,5000,Ravi Menon,Walk-in,Active,2024-12-10,2025-01-14,2025-01-22,14,6,6,0,0.0,7.0,"Cash buyer, Upgrader, Ready to move, Investor"
CL1118,Isha Kulkarni,isha.kulkarni@email.com,+91-7369714222,Indore,Apartment,50-75L,1250,Sunita Desai,Referral,Sold,2024-01-18,2024-02-16,,2,3,8,5204163,89369.48884645247,8.0,"Cash buyer, Under construction OK"
CL1119,Meera Chopra,meera.chopra@email.com,+91-9871328777,Kolkata,Plot,75L-1Cr,1500,Ravi Menon,Facebook,Sold,2024-03-30,2024-05-10,,5,4,6,7696646,147492.72324524628,7.0,"Relocating, Under construction OK, Upgrader, Cash buyer"
CL1120,Vikram More,vikram.more@email.com,+91-8517217552,Indore,Plot,3Cr+,3000,Ankit Sharma,Event,Prospect,2024-05-10,2024-05-24,2024-06-05,11,1,7,0,0.0,,Under construction OK
CL1121,Isha Patil,isha.patil@email.com,+91-7624116755,Surat,Plot,10-20L,750,Nisha Patel,WhatsApp,Churned,2024-12-09,2025-01-14,,7,1,3,0,0.0,,"Urgent, First-time buyer, Investor"
CL1122,Karan Joshi,karan.joshi@email.com,+91-7384472773,Kolkata,Studio,1.5-2Cr,1250,Deepak Kumar,Cold Call,On Hold,2024-05-24,2024-06-18,2024-06-30,15,2,10,0,0.0,,"Urgent, Cash buyer, Under construction OK"
CL1123,Pooja Sinha,pooja.sinha@email.com,+91-7323171537,Lucknow,Studio,1-1.5Cr,1750,Amit Singh,Website,Sold,2024-04-23,2024-05-03,,19,8,3,13502898,233602.65045022217,9.0,"Urgent, Ready to move, Cash buyer"
CL1124,Rahul Joshi,rahul.joshi@email.com,+91-8607570401,Pune,Commercial,30-50L,1000,Deepak Kumar,Google Ads,Prospect,2024-10-04,2024-11-15,2024-11-17,2,1,1,0,0.0,,Loan required
CL1125,Vikram Patil,vikram.patil@email.com,+91-9066640334,Bangalore,Penthouse,10-20L,1250,Deepak Kumar,Google Ads,Hot Lead,2024-01-31,2024-03-11,2024-03-27,20,4,10,0,0.0,,First-time buyer
CL1126,Rashmi Mishra,rashmi.mishra@email.com,+91-8347811553,Mumbai,Duplex,3Cr+,1500,Ravi Menon,Facebook,On Hold,2024-12-23,2025-02-05,2025-02-09,14,0,1,0,0.0,,"Relocating, Under construction OK"
CL1127,Divya Pandey,divya.pandey@email.com,+91-7827156457,Surat,Plot,20-30L,1750,Amit Singh,Google Ads,Sold,2024-05-04,2024-06-18,,1,7,2,2314546,45735.54700489868,6.0,"Loan required, Cash buyer, Urgent, First-time buyer"
CL1128,Siddharth Gupta,siddharth.gupta@email.com,+91-7752837710,Bhopal,Duplex,10-20L,750,Rahul Joshi,Facebook,Sold,2024-12-02,2024-12-05,,6,6,3,1188066,18735.058177067538,10.0,"Under construction OK, Cash buyer, Relocating, Ready to move"
CL1129,Vikram More,vikram.more@email.com,+91-9258720279,Kanpur,Apartment,20-30L,2000,Nisha Patel,Referral,Hot Lead,2024-11-05,2024-12-15,2024-12-26,20,4,12,0,0.0,,Urgent
CL1130,Riya Sinha,riya.sinha@email.com,+91-8607639902,Kanpur,Plot,1.5-2Cr,1000,Shreya Jain,YouTube,Active,2024-02-13,2024-03-24,2024-03-27,10,8,3,0,0.0,6.0,"Upgrader, Loan required, Cash buyer"
CL1131,Riya Iyer,riya.iyer@email.com,+91-7505561068,Lucknow,Commercial,20-30L,750,Ravi Menon,Walk-in,Active,2024-07-03,2024-07-21,2024-08-04,4,3,1,0,0.0,7.0,"Under construction OK, Loan required, First-time buyer, Ready to move"
CL1132,Raj Mehta,raj.mehta@email.com,+91-8816022198,Lucknow,Plot,10-20L,1500,Amit Singh,Event,On Hold,2024-02-13,2024-03-20,2024-03-26,8,2,8,0,0.0,,"Upgrader, Under construction OK, Ready to move, Loan required"
CL1133,Arjun Tiwari,arjun.tiwari@email.com,+91-7478118292,Pune,Plot,75L-1Cr,2000,Rahul Joshi,Google Ads,On Hold,2024-02-09,2024-03-04,2024-03-25,9,0,11,0,0.0,,"Relocating, Ready to move, First-time buyer, Investor"
CL1134,Kavya Sharma,kavya.sharma@email.com,+91-8296653544,Nagpur,Commercial,2-3Cr,1750,Amit Singh,YouTube,Sold,2024-03-10,2024-03-30,,16,6,12,26681351,596294.6738523857,7.0,"Loan required, Urgent, Under construction OK"
CL1135,Riya Shah,riya.shah@email.com,+91-8196024927,Ahmedabad,Penthouse,3Cr+,500,Kavitha Reddy,Broker,Prospect,2024-08-12,2024-08-31,2024-09-16,3,4,10,0,0.0,,"Urgent, Relocating"
CL1136,Arjun Rao,arjun.rao@email.com,+91-7505065460,Nagpur,Villa,2-3Cr,3500,Kavitha Reddy,WhatsApp,Active,2024-09-30,2024-11-02,2024-11-20,14,6,0,0,0.0,8.0,Investor
CL1137,Akash Verma,akash.verma@email.com,+91-9154897122,Kanpur,Penthouse,10-20L,3500,Amit Singh,Cold Call,On Hold,2024-08-08,2024-08-15,2024-08-23,1,0,4,0,0.0,,"Ready to move, Cash buyer"
CL1138,Aditya Sinha,aditya.sinha@email.com,+91-9530899070,Hyderabad,Commercial,10-20L,2500,Sunita Desai,Walk-in,Active,2024-02-13,2024-02-21,2024-03-07,5,4,4,0,0.0,8.0,"Under construction OK, Ready to move"
CL1139,Deepika Tiwari,deepika.tiwari@email.com,+91-7319867431,Thane,Commercial,20-30L,1500,Ravi Menon,Broker,Lead,2024-01-12,2024-02-03,2024-02-09,4,2,12,0,0.0,,"Under construction OK, Upgrader"
CL1140,Rashmi Jain,rashmi.jain@email.com,+91-8084583380,Indore,Farmhouse,50-75L,5000,Amit Singh,YouTube,Prospect,2024-04-05,2024-05-16,2024-06-05,14,4,0,0,0.0,,"Ready to move, Loan required"
CL1141,Aditya Sharma,aditya.sharma@email.com,+91-9309238153,Ahmedabad,Duplex,20-30L,3500,Sunita Desai,Facebook,Prospect,2024-07-06,2024-07-27,2024-08-05,7,4,1,0,0.0,,"Under construction OK, Cash buyer, Urgent, Relocating"
CL1142,Divya Shah,divya.shah@email.com,+91-8923424972,Kanpur,Commercial,2-3Cr,3500,Ankit Sharma,YouTube,Churned,2024-06-01,2024-07-11,,19,0,10,0,0.0,,"Cash buyer, Investor"
CL1143,Meera Chopra,meera.chopra@email.com,+91-7383233992,Kanpur,Penthouse,3Cr+,2000,Amit Singh,WhatsApp,Prospect,2024-10-21,2024-11-15,2024-12-06,14,2,7,0,0.0,,"Under construction OK, Upgrader"
CL1144,Pooja Chopra,pooja.chopra@email.com,+91-7459734523,Lucknow,Farmhouse,10-20L,1750,Ravi Menon,Google Ads,Prospect,2024-04-09,2024-05-04,2024-05-20,18,4,6,0,0.0,,"Ready to move, Under construction OK, Investor, First-time buyer"
CL1145,Ankit Sharma,ankit.sharma@email.com,+91-9607938905,Jaipur,Apartment,75L-1Cr,1250,Deepak Kumar,Walk-in,Prospect,2024-08-22,2024-09-28,2024-10-02,16,1,9,0,0.0,,"Under construction OK, Cash buyer, Urgent"
CL1146,Manish Kulkarni,manish.kulkarni@email.com,+91-7136367850,Ahmedabad,Plot,20-30L,4500,Nisha Patel,Walk-in,On Hold,2024-01-17,2024-02-15,2024-03-01,9,1,1,0,0.0,,Relocating
CL1147,Karan More,karan.more@email.com,+91-9417087060,Kanpur,Plot,30-50L,3500,Ankit Sharma,Print Ad,On Hold,2024-04-15,2024-04-19,2024-04-28,19,1,8,0,0.0,,"Cash buyer, Urgent"
CL1148,Kavya Reddy,kavya.reddy@email.com,+91-7876077425,Chennai,Penthouse,1.5-2Cr,500,Rahul Joshi,YouTube,Prospect,2024-12-25,2025-01-03,2025-01-14,8,2,11,0,0.0,,"Loan required, Ready to move"
CL1149,Vikram Reddy,vikram.reddy@email.com,+91-9072245221,Indore,Plot,2-3Cr,750,Sunita Desai,Event,Sold,2024-05-22,2024-07-06,,12,8,1,20041491,495455.7782652193,10.0,"Relocating, Loan required, Ready to move, Investor"
CL1150,Pooja Malhotra,pooja.malhotra@email.com,+91-8057947171,Lucknow,Penthouse,2-3Cr,5000,Priya Gupta,YouTube,On Hold,2024-01-25,2024-01-28,2024-02-12,4,2,12,0,0.0,,Investor
CL1151,Kritika Jain,kritika.jain@email.com,+91-8446069836,Mumbai,Plot,50-75L,4500,Ankit Sharma,YouTube,Hot Lead,2024-03-22,2024-04-09,2024-04-12,3,3,4,0,0.0,,"Upgrader, First-time buyer, Relocating"
CL1152,Rahul Chopra,rahul.chopra@email.com,+91-9378940689,Indore,Villa,20-30L,500,Nisha Patel,Google Ads,Lead,2024-03-08,2024-04-15,2024-04-30,8,2,10,0,0.0,,First-time buyer
CL1153,Varun Kapoor,varun.kapoor@email.com,+91-9677525806,Indore,Penthouse,2-3Cr,750,Nisha Patel,Event,Lead,2024-02-22,2024-02-29,2024-03-05,11,1,4,0,0.0,,"Upgrader, Under construction OK, First-time buyer, Urgent"
CL1154,Ankit Sharma,ankit.sharma@email.com,+91-8999895199,Pune,Farmhouse,1-1.5Cr,4500,Nisha Patel,YouTube,Churned,2024-03-18,2024-04-14,,20,2,7,0,0.0,,"Investor, Under construction OK"
CL1155,Vikram Kulkarni,vikram.kulkarni@email.com,+91-7403587276,Nagpur,Commercial,1.5-2Cr,1750,Ankit Sharma,Print Ad,Hot Lead,2024-11-26,2024-12-02,2024-12-03,8,3,12,0,0.0,,"Relocating, Under construction OK, Cash buyer"
CL1156,Aditya Chopra,aditya.chopra@email.com,+91-9117317152,Kolkata,Farmhouse,1.5-2Cr,750,Nisha Patel,Google Ads,Churned,2024-10-31,2024-11-05,,17,0,5,0,0.0,,"Upgrader, Loan required, Ready to move"
CL1157,Manish Reddy,manish.reddy@email.com,+91-8379057895,Pune,Farmhouse,20-30L,500,Shreya Jain,Referral,Lead,2024-05-14,2024-05-28,2024-06-10,2,0,12,0,0.0,,"Under construction OK, Loan required, Relocating"
CL1158,Varun Shah,varun.shah@email.com,+91-7270093956,Hyderabad,Duplex,20-30L,1500,Sunita Desai,Facebook,Prospect,2024-03-20,2024-04-24,2024-05-15,11,4,9,0,0.0,,Urgent
CL1159,Varun Bansal,varun.bansal@email.com,+91-9391941278,Delhi,Studio,20-30L,2000,Sunita Desai,Google Ads,Sold,2024-11-07,2024-11-11,,17,6,12,2698435,66193.04774381938,8.0,"Cash buyer, Upgrader"
CL1160,Isha Kulkarni,isha.kulkarni@email.com,+91-9862145227,Chennai,Apartment,1-1.5Cr,5000,Amit Singh,Walk-in,Sold,2024-02-02,2024-02-19,,6,4,2,13818475,326027.5417307226,8.0,Investor
CL1161,Meera Joshi,meera.joshi@email.com,+91-8667310336,Delhi,Apartment,50-75L,500,Kavitha Reddy,Cold Call,Active,2024-03-17,2024-03-29,2024-04-06,2,6,12,0,0.0,9.0,"Relocating, Loan required, Cash buyer"
CL1162,Rohit Malhotra,rohit.malhotra@email.com,+91-9706620208,Kanpur,Villa,3Cr+,4000,Ravi Menon,Social Media,Prospect,2024-09-21,2024-09-24,2024-10-04,13,1,7,0,0.0,,"Cash buyer, Investor, Urgent"
CL1163,Nikhil Sharma,nikhil.sharma@email.com,+91-8208836302,Jaipur,Duplex,50-75L,2500,Priya Gupta,WhatsApp,Active,2024-04-10,2024-05-15,2024-05-16,8,3,0,0,0.0,9.0,"Under construction OK, Cash buyer"
CL1164,Rahul Patil,rahul.patil@email.com,+91-9272311257,Lucknow,Apartment,1.5-2Cr,4500,Rahul Joshi,Referral,Prospect,2024-09-28,2024-10-14,2024-10-19,14,4,0,0,0.0,,"Investor, First-time buyer, Under construction OK"
CL1165,Kritika Pandey,kritika.pandey@email.com,+91-8353558823,Thane,Villa,20-30L,3000,Ankit Sharma,YouTube,On Hold,2024-07-20,2024-07-25,2024-08-08,19,2,0,0,0.0,,"Relocating, Urgent"
CL1166,Arjun Bhatt,arjun.bhatt@email.com,+91-8032261505,Lucknow,Commercial,2-3Cr,1500,Nisha Patel,Referral,Prospect,2024-03-10,2024-04-17,2024-04-23,4,2,1,0,0.0,,"Ready to move, Cash buyer, Relocating, First-time buyer"
CL1167,Rashmi Mehta,rashmi.mehta@email.com,+91-9524237215,Thane,Duplex,2-3Cr,1500,Sunita Desai,Referral,Prospect,2024-12-17,2025-01-06,2025-01-17,20,1,3,0,0.0,,"Investor, Relocating"
CL1168,Deepika Shah,deepika.shah@email.com,+91-8682516416,Jaipur,Duplex,30-50L,500,Amit Singh,Google Ads,Sold,2024-10-08,2024-10-24,,12,7,10,3213715,74676.24109492048,6.0,"Investor, First-time buyer, Ready to move"
CL1169,Karan Iyer,karan.iyer@email.com,+91-8453026880,Bangalore,Commercial,20-30L,500,Kavitha Reddy,Website,Prospect,2024-10-20,2024-11-17,2024-11-30,13,4,0,0,0.0,,"Upgrader, Cash buyer, Investor, Loan required"
CL1170,Arjun Malhotra,arjun.malhotra@email.com,+91-8461429481,Delhi,Studio,75L-1Cr,2500,Amit Singh,Facebook,Active,2024-02-01,2024-02-07,2024-02-14,9,5,2,0,0.0,9.0,"Under construction OK, First-time buyer"
CL1171,Aditya More,aditya.more@email.com,+91-9337557069,Bhopal,Farmhouse,1-1.5Cr,3500,Deepak Kumar,Cold Call,Active,2024-05-18,2024-05-30,2024-05-31,1,4,9,0,0.0,7.0,"First-time buyer, Ready to move, Urgent"
CL1172,Deepika Kulkarni,deepika.kulkarni@email.com,+91-8913640508,Pune,Villa,50-75L,4000,Nisha Patel,Walk-in,Sold,2024-01-29,2024-02-13,,12,6,0,6629162,152882.41189963894,8.0,"Relocating, Ready to move"
CL1173,Rashmi Chopra,rashmi.chopra@email.com,+91-7575274282,Delhi,Villa,10-20L,1250,Shreya Jain,Print Ad,Lead,2024-09-26,2024-10-27,2024-11-03,1,1,9,0,0.0,,"Cash buyer, Upgrader"
CL1174,Riya Bhatt,riya.bhatt@email.com,+91-9844952413,Delhi,Apartment,30-50L,3500,Ankit Sharma,Referral,On Hold,2024-09-26,2024-10-20,2024-11-02,3,1,11,0,0.0,,Cash buyer
CL1175,Kavya Kapoor,kavya.kapoor@email.com,+91-7447130644,Indore,Farmhouse,1-1.5Cr,1000,Deepak Kumar,Broker,Sold,2024-07-01,2024-07-16,,19,5,12,12573819,188833.35053083507,10.0,Upgrader
CL1176,Divya Kapoor,divya.kapoor@email.com,+91-9650290134,Kolkata,Villa,2-3Cr,1000,Priya Gupta,Broker,Lead,2024-05-01,2024-05-24,2024-05-27,11,0,10,0,0.0,,"Ready to move, First-time buyer, Upgrader"
CL1177,Karan Verma,karan.verma@email.com,+91-9271318885,Kanpur,Duplex,20-30L,4500,Ravi Menon,Website,Active,2024-08-12,2024-09-08,2024-09-20,6,5,7,0,0.0,9.0,"Investor, Ready to move, Loan required, Urgent"
CL1178,Rahul Kulkarni,rahul.kulkarni@email.com,+91-9251639567,Pune,Farmhouse,20-30L,5000,Ravi Menon,Walk-in,Lead,2024-06-12,2024-06-29,2024-07-05,4,0,5,0,0.0,,"Upgrader, Investor, Urgent, First-time buyer"
CL1179,Rohit Nair,rohit.nair@email.com,+91-9010773273,Mumbai,Plot,30-50L,3500,Amit Singh,Social Media,Lead,2024-02-21,2024-03-14,2024-04-01,7,0,6,0,0.0,,"Urgent, Under construction OK, Investor"
CL1180,Neha Gupta,neha.gupta@email.com,+91-8287484943,Bhopal,Penthouse,10-20L,1750,Ravi Menon,Event,Lead,2024-05-30,2024-07-12,2024-07-16,20,1,3,0,0.0,,Relocating
CL1181,Sanya Iyer,sanya.iyer@email.com,+91-7956220739,Bhopal,Villa,75L-1Cr,5000,Amit Singh,Google Ads,Active,2024-12-04,2024-12-21,2024-12-27,3,7,8,0,0.0,9.0,"Loan required, Cash buyer, Investor"
CL1182,Nikhil Gupta,nikhil.gupta@email.com,+91-7862767637,Thane,Duplex,50-75L,1500,Shreya Jain,Website,Prospect,2024-12-22,2025-02-03,2025-02-15,4,1,10,0,0.0,,"Relocating, First-time buyer, Loan required, Under construction OK"
CL1183,Manish Pandey,manish.pandey@email.com,+91-8371780190,Bhopal,Studio,2-3Cr,1500,Sunita Desai,Event,On Hold,2024-01-18,2024-02-20,2024-03-10,19,2,12,0,0.0,,"Investor, Ready to move"
CL1184,Sanya Jain,sanya.jain@email.com,+91-7694335260,Hyderabad,Apartment,1.5-2Cr,750,Amit Singh,Print Ad,On Hold,2024-11-17,2024-11-27,2024-11-30,20,1,5,0,0.0,,Loan required
CL1185,Rashmi Shah,rashmi.shah@email.com,+91-8808952746,Surat,Farmhouse,10-20L,5000,Shreya Jain,WhatsApp,Sold,2024-08-02,2024-08-10,,10,8,8,1434574,22967.39263525875,8.0,"Urgent, Loan required, Cash buyer, Relocating"
CL1186,Ankit Nair,ankit.nair@email.com,+91-8550014910,Pune,Duplex,1.5-2Cr,1000,Shreya Jain,WhatsApp,Churned,2024-12-21,2025-01-16,,2,1,5,0,0.0,,"First-time buyer, Ready to move"
CL1187,Arjun Mehta,arjun.mehta@email.com,+91-7066254284,Jaipur,Duplex,75L-1Cr,2500,Sunita Desai,Print Ad,Prospect,2024-06-02,2024-07-01,2024-07-15,11,3,11,0,0.0,,Relocating
CL1188,Nikhil Agarwal,nikhil.agarwal@email.com,+91-9993163368,Bhopal,Commercial,10-20L,3000,Ankit Sharma,Referral,Hot Lead,2024-09-16,2024-10-12,2024-10-19,5,1,2,0,0.0,,"First-time buyer, Relocating"
CL1189,Priya Sinha,priya.sinha@email.com,+91-7165657235,Ahmedabad,Duplex,1-1.5Cr,2500,Deepak Kumar,Event,Churned,2024-03-04,2024-04-17,,1,0,5,0,0.0,,"Ready to move, Upgrader, Loan required, Relocating"
CL1190,Ankit Mishra,ankit.mishra@email.com,+91-8146055121,Pune,Duplex,20-30L,1500,Ravi Menon,Event,Lead,2024-03-24,2024-04-30,2024-05-08,7,0,10,0,0.0,,"Urgent, Loan required"
CL1191,Siddharth Sharma,siddharth.sharma@email.com,+91-9833299417,Mumbai,Farmhouse,30-50L,4000,Ankit Sharma,WhatsApp,On Hold,2024-01-05,2024-01-20,2024-01-30,9,2,12,0,0.0,,"Loan required, Under construction OK, Ready to move"
CL1192,Deepika Sinha,deepika.sinha@email.com,+91-7825738601,Thane,Duplex,3Cr+,3500,Amit Singh,WhatsApp,Lead,2024-01-04,2024-02-06,2024-02-26,12,2,10,0,0.0,,"Urgent, Investor, Relocating"
CL1193,Raj Kapoor,raj.kapoor@email.com,+91-7905993964,Lucknow,Duplex,75L-1Cr,4000,Rahul Joshi,Print Ad,Prospect,2024-09-21,2024-10-07,2024-10-18,2,4,10,0,0.0,,"First-time buyer, Ready to move"
CL1194,Kavya Malhotra,kavya.malhotra@email.com,+91-9971764862,Nagpur,Plot,10-20L,3500,Shreya Jain,Print Ad,Hot Lead,2024-04-23,2024-06-06,2024-06-18,18,4,10,0,0.0,,"Upgrader, Under construction OK, Ready to move"
CL1195,Neha Tiwari,neha.tiwari@email.com,+91-7419243902,Pune,Commercial,20-30L,1250,Priya Gupta,Print Ad,Churned,2024-06-06,2024-07-03,,11,1,4,0,0.0,,"Ready to move, Investor, Relocating"
CL1196,Priya Bhatt,priya.bhatt@email.com,+91-9078786490,Bangalore,Farmhouse,50-75L,3000,Sunita Desai,YouTube,Active,2024-09-28,2024-10-18,2024-10-25,14,2,2,0,0.0,7.0,"Loan required, Ready to move, Investor"
CL1197,Rohit Bhatt,rohit.bhatt@email.com,+91-9345133639,Bangalore,Farmhouse,1-1.5Cr,4000,Ankit Sharma,Cold Call,Churned,2024-01-30,2024-01-31,,15,1,3,0,0.0,,"Upgrader, Ready to move"
CL1198,Riya Kulkarni,riya.kulkarni@email.com,+91-9555021539,Hyderabad,Plot,1.5-2Cr,2000,Amit Singh,Google Ads,Active,2024-01-03,2024-01-06,2024-01-07,18,3,11,0,0.0,8.0,"Under construction OK, Relocating, First-time buyer"
CL1199,Sneha Sharma,sneha.sharma@email.com,+91-9053542613,Kolkata,Commercial,75L-1Cr,1000,Sunita Desai,Event,Sold,2024-10-28,2024-11-17,,5,4,7,8750750,169210.21011733927,8.0,"Upgrader, Loan required"
CL1200,Amit Verma,amit.verma@email.com,+91-7735027197,Ahmedabad,Apartment,3Cr+,1000,Sunita Desai,Cold Call,Churned,2024-11-29,2024-12-02,,13,2,4,0,0.0,,First-time buyer
CL1201,Sneha Patel,sneha.patel@email.com,+91-9141612587,Delhi,Villa,1.5-2Cr,2500,Amit Singh,Referral,Sold,2024-05-09,2024-06-09,,5,5,1,15847080,333681.5578798165,10.0,Urgent
CL1202,Neha More,neha.more@email.com,+91-7348275239,Ahmedabad,Studio,75L-1Cr,3000,Nisha Patel,Cold Call,Churned,2024-07-28,2024-08-16,,6,0,8,0,0.0,,"Relocating, Ready to move, Upgrader, Investor"
CL1203,Amit Sharma,amit.sharma@email.com,+91-9200821665,Chennai,Farmhouse,30-50L,750,Deepak Kumar,Referral,Churned,2024-02-21,2024-03-09,,8,1,4,0,0.0,,"Ready to move, First-time buyer, Under construction OK"
CL1204,Manish Jain,manish.jain@email.com,+91-9864315170,Jaipur,Commercial,1-1.5Cr,2000,Sunita Desai,Referral,On Hold,2024-01-24,2024-01-25,2024-01-31,5,2,10,0,0.0,,"Cash buyer, Ready to move, Urgent"
CL1205,Arjun Joshi,arjun.joshi@email.com,+91-7304558840,Lucknow,Penthouse,20-30L,2000,Amit Singh,Google Ads,Hot Lead,2024-07-16,2024-08-30,2024-09-05,16,4,10,0,0.0,,Upgrader
CL1206,Varun Joshi,varun.joshi@email.com,+91-7192130892,Chennai,Plot,2-3Cr,5000,Shreya Jain,YouTube,Active,2024-04-02,2024-05-12,2024-05-13,13,8,5,0,0.0,10.0,"Ready to move, Under construction OK"
CL1207,Neha Bansal,neha.bansal@email.com,+91-8444016025,Bangalore,Duplex,1-1.5Cr,500,Deepak Kumar,Broker,Sold,2024-10-16,2024-10-31,,13,3,8,10798948,233657.98730733458,10.0,First-time buyer
CL1208,Rahul Jain,rahul.jain@email.com,+91-8656671510,Bhopal,Penthouse,20-30L,5000,Kavitha Reddy,Cold Call,Prospect,2024-06-18,2024-07-06,2024-07-27,2,2,8,0,0.0,,"Loan required, Relocating, First-time buyer, Ready to move"
CL1209,Nikhil More,nikhil.more@email.com,+91-8877768733,Bangalore,Farmhouse,2-3Cr,1750,Sunita Desai,Google Ads,Churned,2024-11-30,2024-12-02,,4,1,6,0,0.0,,Under construction OK
CL1210,Rashmi Sharma,rashmi.sharma@email.com,+91-9706321913,Jaipur,Studio,2-3Cr,1750,Priya Gupta,Website,On Hold,2024-04-24,2024-05-24,2024-06-13,11,2,12,0,0.0,,"Cash buyer, Ready to move, First-time buyer, Loan required"
CL1211,Akash Rao,akash.rao@email.com,+91-7726610287,Lucknow,Commercial,75L-1Cr,3000,Deepak Kumar,Cold Call,Churned,2024-02-24,2024-02-27,,6,1,2,0,0.0,,"Investor, Urgent, Ready to move, Under construction OK"
CL1212,Karan Patel,karan.patel@email.com,+91-9792461497,Ahmedabad,Farmhouse,50-75L,4500,Priya Gupta,Referral,On Hold,2024-07-31,2024-08-03,2024-08-18,19,0,12,0,0.0,,"Under construction OK, Upgrader, Relocating, First-time buyer"
CL1213,Siddharth Joshi,siddharth.joshi@email.com,+91-7159182512,Indore,Farmhouse,3Cr+,5000,Ankit Sharma,Broker,Sold,2024-03-29,2024-04-07,,10,5,12,39180354,965244.6691840505,7.0,"Loan required, Urgent"
CL1214,Manish Desai,manish.desai@email.com,+91-8795051144,Ahmedabad,Studio,50-75L,3500,Rahul Joshi,YouTube,Hot Lead,2024-12-10,2024-12-19,2024-12-23,6,3,11,0,0.0,,"Under construction OK, Ready to move, Urgent"
CL1215,Ankit Rao,ankit.rao@email.com,+91-9326964719,Jaipur,Plot,10-20L,3000,Sunita Desai,Website,Active,2024-03-15,2024-03-19,2024-03-29,2,3,4,0,0.0,7.0,"Upgrader, First-time buyer, Cash buyer"
CL1216,Riya Chopra,riya.chopra@email.com,+91-7668480932,Delhi,Commercial,2-3Cr,750,Shreya Jain,YouTube,Churned,2024-10-14,2024-10-29,,18,1,3,0,0.0,,"First-time buyer, Loan required, Relocating"
CL1217,Shruti More,shruti.more@email.com,+91-9245050980,Delhi,Apartment,75L-1Cr,1250,Shreya Jain,Google Ads,On Hold,2024-04-25,2024-06-05,2024-06-25,12,2,8,0,0.0,,"Relocating, Urgent"
CL1218,Nikhil Jain,nikhil.jain@email.com,+91-9236919760,Pune,Penthouse,3Cr+,750,Amit Singh,Website,Active,2024-05-22,2024-06-27,2024-07-06,9,3,2,0,0.0,10.0,Cash buyer
CL1219,Nikhil Desai,nikhil.desai@email.com,+91-7507215235,Hyderabad,Commercial,10-20L,5000,Shreya Jain,YouTube,Hot Lead,2024-09-08,2024-10-15,2024-10-26,18,3,1,0,0.0,,"Upgrader, Investor"
CL1220,Riya Pandey,riya.pandey@email.com,+91-7522264516,Nagpur,Villa,1-1.5Cr,1250,Nisha Patel,YouTube,Hot Lead,2024-06-18,2024-07-12,2024-08-01,10,2,12,0,0.0,,"Under construction OK, First-time buyer, Ready to move, Cash buyer"
CL1221,Deepika Sinha,deepika.sinha@email.com,+91-7787594182,Kolkata,Apartment,1-1.5Cr,2000,Sunita Desai,Event,Hot Lead,2024-10-03,2024-10-22,2024-11-08,1,3,8,0,0.0,,"Ready to move, First-time buyer, Upgrader, Cash buyer"
CL1222,Karan Kapoor,karan.kapoor@email.com,+91-8683920793,Chennai,Penthouse,3Cr+,3000,Ravi Menon,YouTube,Lead,2024-04-17,2024-05-30,2024-06-03,7,2,6,0,0.0,,"Under construction OK, Loan required"
CL1223,Rahul Patil,rahul.patil@email.com,+91-7236399921,Hyderabad,Apartment,2-3Cr,4500,Priya Gupta,Website,Lead,2024-02-07,2024-02-11,2024-02-14,6,1,8,0,0.0,,"Urgent, Loan required"
CL1224,Aditya Sinha,aditya.sinha@email.com,+91-9065063011,Indore,Commercial,10-20L,2000,Sunita Desai,Facebook,Lead,2024-11-24,2025-01-03,2025-01-05,3,2,9,0,0.0,,Cash buyer
CL1225,Siddharth Patel,siddharth.patel@email.com,+91-7949799899,Jaipur,Villa,75L-1Cr,5000,Kavitha Reddy,Event,Active,2024-12-04,2024-12-06,2024-12-11,16,3,8,0,0.0,7.0,"Under construction OK, Urgent, Cash buyer, Investor"
CL1226,Kavya Rao,kavya.rao@email.com,+91-9906494926,Kanpur,Apartment,3Cr+,3000,Ankit Sharma,Referral,Lead,2024-01-03,2024-02-09,2024-02-27,20,1,8,0,0.0,,Urgent
CL1227,Karan Joshi,karan.joshi@email.com,+91-9429555069,Ahmedabad,Plot,3Cr+,1000,Ankit Sharma,Social Media,Prospect,2024-11-11,2024-11-28,2024-12-17,7,1,2,0,0.0,,Under construction OK
CL1228,Nikhil Iyer,nikhil.iyer@email.com,+91-8801119587,Jaipur,Villa,75L-1Cr,750,Nisha Patel,Broker,Sold,2024-09-06,2024-09-28,,20,7,4,7919619,154483.72951344584,10.0,"Cash buyer, Under construction OK"
CL1229,Shruti Jain,shruti.jain@email.com,+91-7015851053,Kolkata,Studio,1.5-2Cr,1500,Priya Gupta,Social Media,Churned,2024-06-18,2024-07-19,,15,1,5,0,0.0,,"Ready to move, Investor, Under construction OK"
CL1230,Rahul Nair,rahul.nair@email.com,+91-7268646780,Hyderabad,Studio,75L-1Cr,4500,Sunita Desai,Broker,Lead,2024-01-10,2024-02-12,2024-02-25,1,2,9,0,0.0,,"First-time buyer, Urgent"
CL1231,Rashmi Mishra,rashmi.mishra@email.com,+91-8546995709,Hyderabad,Commercial,1.5-2Cr,1250,Shreya Jain,Broker,On Hold,2024-05-28,2024-06-06,2024-06-09,15,2,8,0,0.0,,"Cash buyer, First-time buyer, Under construction OK, Investor"
CL1232,Kritika More,kritika.more@email.com,+91-9012099674,Pune,Penthouse,2-3Cr,1000,Ankit Sharma,WhatsApp,Sold,2024-12-03,2024-12-13,,2,7,3,23888118,446572.88303321146,10.0,"Loan required, Ready to move, Relocating"
CL1233,Priya Gupta,priya.gupta@email.com,+91-9125052476,Chennai,Duplex,75L-1Cr,3500,Deepak Kumar,WhatsApp,Prospect,2024-07-11,2024-08-22,2024-09-12,13,3,9,0,0.0,,Under construction OK
CL1234,Arjun Shah,arjun.shah@email.com,+91-9972839215,Nagpur,Commercial,1-1.5Cr,2500,Kavitha Reddy,WhatsApp,Lead,2024-09-13,2024-09-22,2024-09-25,15,0,3,0,0.0,,"Relocating, Upgrader, Investor"
CL1235,Sanya Mehta,sanya.mehta@email.com,+91-8972725509,Kolkata,Plot,1-1.5Cr,4500,Sunita Desai,Google Ads,Churned,2024-09-02,2024-10-03,,7,2,2,0,0.0,,"First-time buyer, Relocating, Under construction OK, Investor"
CL1236,Ankit Reddy,ankit.reddy@email.com,+91-7527927658,Delhi,Penthouse,10-20L,1000,Rahul Joshi,Social Media,Sold,2024-07-26,2024-09-03,,14,6,2,1590982,27354.768808277062,10.0,"Under construction OK, Urgent"
CL1237,Sanya Joshi,sanya.joshi@email.com,+91-9246554914,Thane,Villa,50-75L,2000,Amit Singh,Social Media,Lead,2024-01-09,2024-01-22,2024-02-05,17,2,10,0,0.0,,"Investor, Upgrader"
CL1238,Pooja Nair,pooja.nair@email.com,+91-8965415116,Chennai,Villa,2-3Cr,4000,Ankit Sharma,WhatsApp,Sold,2024-01-01,2024-02-14,,13,4,9,27196691,626149.4702006395,10.0,Loan required
CL1239,Vikram Malhotra,vikram.malhotra@email.com,+91-8563440475,Bangalore,Duplex,3Cr+,2000,Rahul Joshi,Print Ad,Lead,2024-01-04,2024-02-10,2024-02-11,17,0,8,0,0.0,,"Relocating, Cash buyer, Under construction OK, Upgrader"
CL1240,Neha Kumar,neha.kumar@email.com,+91-8396195403,Surat,Duplex,3Cr+,2000,Shreya Jain,Cold Call,Sold,2024-05-21,2024-07-04,,9,4,9,42422285,871740.3520662424,8.0,"Upgrader, Investor, Cash buyer, Ready to move"
CL1241,Nikhil More,nikhil.more@email.com,+91-9291531206,Chennai,Studio,3Cr+,2000,Priya Gupta,Facebook,Sold,2024-12-22,2025-02-04,,8,4,1,44608842,697718.1795346646,10.0,Loan required
CL1242,Aditya Nair,aditya.nair@email.com,+91-9150178289,Jaipur,Apartment,30-50L,4000,Kavitha Reddy,Google Ads,Lead,2024-04-13,2024-05-26,2024-05-28,17,1,3,0,0.0,,"Upgrader, First-time buyer"
CL1243,Deepika Verma,deepika.verma@email.com,+91-9146310037,Pune,Villa,75L-1Cr,5000,Amit Singh,Cold Call,Churned,2024-07-21,2024-08-16,,19,0,8,0,0.0,,Investor
CL1244,Raj Mishra,raj.mishra@email.com,+91-7932283284,Kanpur,Commercial,75L-1Cr,1250,Shreya Jain,Print Ad,Active,2024-07-25,2024-08-31,2024-09-17,1,4,2,0,0.0,9.0,Under construction OK
CL1245,Raj Pandey,raj.pandey@email.com,+91-7964254560,Chennai,Duplex,3Cr+,5000,Shreya Jain,Walk-in,Churned,2024-08-14,2024-09-08,,19,1,12,0,0.0,,"Cash buyer, Ready to move"
CL1246,Sneha Sinha,sneha.sinha@email.com,+91-9937786916,Mumbai,Farmhouse,20-30L,1500,Sunita Desai,Event,Churned,2024-04-22,2024-06-05,,8,1,6,0,0.0,,"Under construction OK, First-time buyer, Cash buyer"
CL1247,Manish Malhotra,manish.malhotra@email.com,+91-7813447655,Bangalore,Plot,1-1.5Cr,750,Deepak Kumar,Social Media,Active,2024-06-09,2024-07-02,2024-07-09,7,6,4,0,0.0,7.0,"Relocating, Under construction OK, Cash buyer, Investor"
CL1248,Kritika Malhotra,kritika.malhotra@email.com,+91-7677540042,Ahmedabad,Studio,1-1.5Cr,1000,Sunita Desai,Referral,Lead,2024-12-12,2025-01-24,2025-02-11,16,2,0,0,0.0,,Ready to move
CL1249,Deepika Nair,deepika.nair@email.com,+91-8033574532,Surat,Farmhouse,30-50L,5000,Deepak Kumar,Walk-in,Active,2024-04-23,2024-05-30,2024-06-15,5,2,8,0,0.0,9.0,Under construction OK
CL1250,Deepika Shah,deepika.shah@email.com,+91-9819399959,Pune,Farmhouse,20-30L,4500,Deepak Kumar,Google Ads,Hot Lead,2024-12-18,2024-12-19,2025-01-07,1,2,6,0,0.0,,Cash buyer
CL1251,Deepika Nair,deepika.nair@email.com,+91-9824044039,Pune,Duplex,50-75L,1500,Kavitha Reddy,WhatsApp,Hot Lead,2024-07-06,2024-07-18,2024-08-01,16,4,3,0,0.0,,"Cash buyer, Loan required, Upgrader"
CL1252,Nikhil Jain,nikhil.jain@email.com,+91-8872327188,Kolkata,Villa,75L-1Cr,5000,Nisha Patel,Facebook,Active,2024-07-14,2024-07-27,2024-08-12,5,8,11,0,0.0,7.0,Upgrader
CL1253,Shruti Tiwari,shruti.tiwari@email.com,+91-7440692660,Lucknow,Farmhouse,75L-1Cr,1500,Deepak Kumar,WhatsApp,Lead,2024-07-22,2024-07-29,2024-08-07,6,0,3,0,0.0,,"Investor, Ready to move, Cash buyer, Upgrader"
CL1254,Arjun Mehta,arjun.mehta@email.com,+91-8180683446,Surat,Commercial,10-20L,2000,Sunita Desai,Cold Call,On Hold,2024-12-13,2025-01-21,2025-02-11,7,2,9,0,0.0,,"Urgent, Cash buyer"
CL1255,Rohit Rao,rohit.rao@email.com,+91-8672673896,Thane,Villa,1.5-2Cr,3500,Rahul Joshi,Google Ads,Churned,2024-03-15,2024-03-26,,11,1,10,0,0.0,,"Investor, Under construction OK, Ready to move, Upgrader"
CL1256,Meera Kapoor,meera.kapoor@email.com,+91-8038395591,Jaipur,Duplex,1.5-2Cr,1500,Kavitha Reddy,Cold Call,Churned,2024-10-27,2024-11-30,,15,1,2,0,0.0,,"First-time buyer, Upgrader"
CL1257,Isha Verma,isha.verma@email.com,+91-9169342983,Bangalore,Studio,30-50L,2000,Sunita Desai,Referral,Lead,2024-08-30,2024-10-05,2024-10-18,2,0,12,0,0.0,,Investor
CL1258,Arjun Nair,arjun.nair@email.com,+91-7508821050,Nagpur,Duplex,50-75L,1250,Rahul Joshi,Google Ads,Churned,2024-03-05,2024-03-14,,17,0,0,0,0.0,,Cash buyer
CL1259,Kritika Kapoor,kritika.kapoor@email.com,+91-9831972410,Thane,Duplex,3Cr+,2500,Ankit Sharma,Broker,Sold,2024-03-31,2024-05-08,,3,5,4,41649035,849502.0900722903,8.0,"Urgent, Upgrader, Ready to move, First-time buyer"
CL1260,Amit Pandey,amit.pandey@email.com,+91-9671827865,Kanpur,Duplex,2-3Cr,3000,Ravi Menon,Broker,Active,2024-09-01,2024-09-21,2024-10-11,1,8,6,0,0.0,8.0,"First-time buyer, Cash buyer"
CL1261,Karan Bansal,karan.bansal@email.com,+91-9890683472,Indore,Plot,50-75L,1000,Amit Singh,Event,Prospect,2024-05-14,2024-05-20,2024-06-09,14,2,8,0,0.0,,"Urgent, Under construction OK, Relocating"
CL1262,Karan Bhatt,karan.bhatt@email.com,+91-7224333908,Hyderabad,Duplex,20-30L,4000,Kavitha Reddy,WhatsApp,Active,2024-05-19,2024-07-03,2024-07-04,20,5,3,0,0.0,8.0,"First-time buyer, Under construction OK"
CL1263,Sanya Patel,sanya.patel@email.com,+91-7924445283,Hyderabad,Farmhouse,10-20L,1250,Sunita Desai,Social Media,Lead,2024-09-09,2024-09-23,2024-10-09,11,1,4,0,0.0,,"Ready to move, First-time buyer, Upgrader"
CL1264,Raj Patil,raj.patil@email.com,+91-9459429148,Delhi,Duplex,1.5-2Cr,750,Deepak Kumar,Google Ads,Prospect,2024-04-08,2024-04-25,2024-05-03,13,1,1,0,0.0,,"Ready to move, Relocating, Cash buyer, First-time buyer"
CL1265,Karan Sinha,karan.sinha@email.com,+91-9409522315,Ahmedabad,Farmhouse,1.5-2Cr,4000,Rahul Joshi,Cold Call,Prospect,2024-11-18,2024-11-21,2024-12-07,18,1,4,0,0.0,,"Relocating, Cash buyer, First-time buyer"
CL1266,Kritika Rao,kritika.rao@email.com,+91-7713624801,Kolkata,Plot,1-1.5Cr,500,Ankit Sharma,Walk-in,Sold,2024-03-02,2024-03-28,,3,7,9,13986859,231859.94571350364,8.0,First-time buyer
CL1267,Deepika Iyer,deepika.iyer@email.com,+91-7504380300,Chennai,Penthouse,2-3Cr,1250,Priya Gupta,Facebook,On Hold,2024-11-26,2024-12-19,2024-12-20,15,2,3,0,0.0,,"Cash buyer, Upgrader, Ready to move, First-time buyer"
CL1268,Pooja Desai,pooja.desai@email.com,+91-8433683272,Jaipur,Farmhouse,50-75L,3500,Ankit Sharma,Facebook,Hot Lead,2024-06-14,2024-07-14,2024-07-31,9,2,1,0,0.0,,"Ready to move, Urgent"
CL1269,Manish Malhotra,manish.malhotra@email.com,+91-8774758118,Thane,Apartment,3Cr+,2000,Ankit Sharma,Website,Sold,2024-07-05,2024-08-14,,20,4,5,46694979,957932.4617867812,9.0,"Investor, Under construction OK, Urgent"
CL1270,Sneha Singh,sneha.singh@email.com,+91-7143427009,Pune,Apartment,50-75L,750,Kavitha Reddy,Print Ad,Lead,2024-01-17,2024-02-23,2024-03-11,13,2,7,0,0.0,,"First-time buyer, Cash buyer, Investor"
CL1271,Divya Desai,divya.desai@email.com,+91-7232211715,Ahmedabad,Farmhouse,20-30L,2500,Ravi Menon,Cold Call,Sold,2024-07-31,2024-08-24,,17,2,1,2742846,47064.49624805625,7.0,"Relocating, Under construction OK, Urgent, Cash buyer"
CL1272,Meera Reddy,meera.reddy@email.com,+91-9049033448,Indore,Villa,1-1.5Cr,4000,Kavitha Reddy,Broker,Churned,2024-08-06,2024-08-13,,6,0,8,0,0.0,,"Under construction OK, Cash buyer, Ready to move, Investor"
CL1273,Rashmi Nair,rashmi.nair@email.com,+91-8451656179,Lucknow,Commercial,1-1.5Cr,2000,Amit Singh,Broker,Hot Lead,2024-11-07,2024-11-23,2024-12-11,19,2,6,0,0.0,,"Cash buyer, Ready to move, Relocating"
CL1274,Aditya Sharma,aditya.sharma@email.com,+91-9379914543,Jaipur,Apartment,3Cr+,1000,Rahul Joshi,Website,Hot Lead,2024-04-23,2024-05-07,2024-05-16,11,1,12,0,0.0,,"Investor, First-time buyer"
CL1275,Nikhil Mehta,nikhil.mehta@email.com,+91-7511528141,Surat,Commercial,50-75L,1250,Rahul Joshi,Walk-in,Lead,2024-10-19,2024-11-14,2024-11-17,19,0,11,0,0.0,,"Ready to move, Upgrader, Relocating"
CL1276,Manish Desai,manish.desai@email.com,+91-9303085527,Chennai,Duplex,10-20L,4500,Shreya Jain,Event,Lead,2024-01-29,2024-02-20,2024-02-24,12,1,6,0,0.0,,"First-time buyer, Loan required"
CL1277,Priya Chopra,priya.chopra@email.com,+91-8718215397,Lucknow,Penthouse,1-1.5Cr,3000,Nisha Patel,Social Media,Lead,2024-12-10,2025-01-05,2025-01-22,15,2,9,0,0.0,,Relocating
CL1278,Shruti Chopra,shruti.chopra@email.com,+91-9576761684,Hyderabad,Penthouse,1-1.5Cr,750,Kavitha Reddy,WhatsApp,Churned,2024-01-26,2024-03-02,,13,1,1,0,0.0,,"Under construction OK, Loan required, Ready to move, Cash buyer"
CL1279,Vikram Kulkarni,vikram.kulkarni@email.com,+91-7441973035,Ahmedabad,Farmhouse,1.5-2Cr,4000,Shreya Jain,Print Ad,Sold,2024-11-11,2024-12-15,,12,4,3,19831991,379501.4204226388,8.0,"First-time buyer, Urgent, Investor"
CL1280,Deepika Nair,deepika.nair@email.com,+91-9692167961,Hyderabad,Farmhouse,10-20L,1250,Nisha Patel,YouTube,Hot Lead,2024-03-20,2024-03-26,2024-04-15,4,1,3,0,0.0,,"Urgent, First-time buyer"
CL1281,Rohit Desai,rohit.desai@email.com,+91-9635424585,Jaipur,Farmhouse,2-3Cr,500,Priya Gupta,Print Ad,Churned,2024-10-02,2024-10-16,,7,2,8,0,0.0,,"Under construction OK, Ready to move, Urgent"
CL1282,Isha Kumar,isha.kumar@email.com,+91-9277697590,Mumbai,Plot,3Cr+,500,Rahul Joshi,Social Media,Lead,2024-05-25,2024-06-07,2024-06-22,20,1,0,0,0.0,,Investor
CL1283,Aditya Rao,aditya.rao@email.com,+91-7889096898,Kanpur,Villa,10-20L,1500,Amit Singh,Print Ad,Active,2024-09-17,2024-09-24,2024-09-27,11,5,9,0,0.0,10.0,"Relocating, Ready to move"
CL1284,Rashmi Desai,rashmi.desai@email.com,+91-7070415210,Kolkata,Duplex,1-1.5Cr,2500,Amit Singh,Broker,Prospect,2024-01-10,2024-02-02,2024-02-12,12,3,10,0,0.0,,"Under construction OK, Urgent"
CL1285,Riya Gupta,riya.gupta@email.com,+91-9050543774,Nagpur,Apartment,3Cr+,1500,Nisha Patel,Social Media,Hot Lead,2024-07-20,2024-09-01,2024-09-14,5,1,11,0,0.0,,"Loan required, Relocating"
CL1286,Ankit Kumar,ankit.kumar@email.com,+91-8397450944,Lucknow,Farmhouse,3Cr+,1000,Nisha Patel,YouTube,Prospect,2024-10-24,2024-11-28,2024-12-15,7,2,4,0,0.0,,"Loan required, Upgrader"
CL1287,Rahul Reddy,rahul.reddy@email.com,+91-7517851614,Bangalore,Villa,30-50L,1750,Ankit Sharma,Broker,Lead,2024-06-12,2024-07-09,2024-07-30,14,1,7,0,0.0,,"Upgrader, Relocating, First-time buyer"
CL1288,Vikram Jain,vikram.jain@email.com,+91-7085890213,Surat,Studio,50-75L,1250,Ravi Menon,Cold Call,Lead,2024-12-18,2025-01-18,2025-02-03,5,2,9,0,0.0,,"Upgrader, Loan required, Relocating"
CL1289,Pooja Kumar,pooja.kumar@email.com,+91-7536635330,Kolkata,Apartment,1.5-2Cr,5000,Ravi Menon,Walk-in,Active,2024-04-23,2024-06-05,2024-06-11,7,8,3,0,0.0,6.0,"Ready to move, Cash buyer, Loan required, Relocating"
CL1290,Meera Bansal,meera.bansal@email.com,+91-8326615482,Nagpur,Commercial,1.5-2Cr,3500,Shreya Jain,WhatsApp,Sold,2024-09-25,2024-11-06,,17,6,6,18788375,468927.09686833137,6.0,"Under construction OK, First-time buyer, Investor, Upgrader"
CL1291,Nikhil Shah,nikhil.shah@email.com,+91-9897949918,Jaipur,Farmhouse,30-50L,2000,Rahul Joshi,WhatsApp,Lead,2024-12-19,2025-01-22,2025-02-06,5,1,10,0,0.0,,Under construction OK
CL1292,Neha Jain,neha.jain@email.com,+91-9551786735,Hyderabad,Plot,1.5-2Cr,1750,Kavitha Reddy,Website,Prospect,2024-08-20,2024-09-27,2024-10-06,7,4,1,0,0.0,,"Upgrader, Investor, First-time buyer"
CL1293,Neha Desai,neha.desai@email.com,+91-8472593109,Kanpur,Villa,3Cr+,4500,Amit Singh,Broker,On Hold,2024-09-18,2024-10-28,2024-11-10,6,1,8,0,0.0,,Upgrader
CL1294,Rohit Reddy,rohit.reddy@email.com,+91-9855096445,Hyderabad,Penthouse,30-50L,1000,Ravi Menon,Event,Hot Lead,2024-06-07,2024-07-06,2024-07-11,10,2,1,0,0.0,,"First-time buyer, Urgent"
CL1295,Amit Sinha,amit.sinha@email.com,+91-8630675358,Mumbai,Farmhouse,50-75L,1250,Shreya Jain,YouTube,Active,2024-08-20,2024-09-16,2024-09-17,15,2,9,0,0.0,10.0,"Under construction OK, Urgent"
CL1296,Divya Iyer,divya.iyer@email.com,+91-8826937215,Delhi,Penthouse,30-50L,500,Priya Gupta,Website,Prospect,2024-01-17,2024-02-29,2024-03-03,19,3,5,0,0.0,,Investor
CL1297,Shruti Jain,shruti.jain@email.com,+91-7528698092,Jaipur,Penthouse,2-3Cr,4500,Shreya Jain,Cold Call,Lead,2024-02-17,2024-03-08,2024-03-11,11,1,6,0,0.0,,"Under construction OK, Investor, Upgrader, Relocating"
CL1298,Vikram Patel,vikram.patel@email.com,+91-9276145968,Lucknow,Plot,3Cr+,1250,Nisha Patel,WhatsApp,Lead,2024-02-25,2024-04-02,2024-04-22,17,0,7,0,0.0,,"Loan required, Cash buyer, Upgrader"
CL1299,Siddharth Reddy,siddharth.reddy@email.com,+91-9042256380,Hyderabad,Farmhouse,3Cr+,4500,Kavitha Reddy,Google Ads,On Hold,2024-04-02,2024-05-12,2024-05-19,8,2,4,0,0.0,,Investor
CL1300,Amit Sinha,amit.sinha@email.com,+91-9049525456,Ahmedabad,Plot,1.5-2Cr,500,Priya Gupta,Cold Call,Sold,2024-11-22,2024-12-06,,1,2,10,17581783,320678.33152559993,8.0,"Loan required, First-time buyer, Under construction OK"
